﻿Class No,Class Name,Ingredients,Recipe,Nutritional Information
0,Burger,"1 lb ground chicken @1/4 cup breadcrumbs @1 egg @1/4 cup chopped onion @1/4 cup chopped bell pepper @1 tsp garlic powder @1 tsp onion powder @1 tsp dried oregano @Salt and pepper @4 burger buns @Olive oil @Optional toppings: sliced cheese, lettuce, tomato, avocado","In a large mixing bowl, combine ground chicken, breadcrumbs, egg, chopped onion, chopped bell pepper, garlic powder, onion powder, dried oregano, and a pinch of salt and pepper. @Mix all the ingredients together until well combined. @Divide the mixture into 4 equal portions and form into patties. @Heat a drizzle of olive oil in a large skillet over medium heat. @Once the oil is hot, add the chicken patties to the skillet. @Cook for about 5-6 minutes per side, or until the patties are cooked through and golden brown on the outside. @While the patties are cooking, prepare the burger buns by lightly toasting them in a toaster or in the skillet. @Once the patties are cooked, remove them from the skillet and let them rest for a few minutes. @Assemble the burgers by placing a patty on the bottom half of each bun. @Add any desired toppings such as sliced cheese, lettuce, tomato, and avocado. @Top with the other half of the bun and serve hot. Enjoy your homemade chicken burgers!",
1,Pizza,1/2 teaspoon garlic powder @1 teaspoon Italian seasoning @1 tablespoon olive oil @1/4 cup sliced red onions @1/4 cup sliced black olives @1/4 cup sliced pepperoni @1 cup shredded mozzarella cheese @1/2 cup pizza sauce @1 pre-made pizza crust,"Preheat your oven to 400 degrees F (200 degrees C). @Place the pre-made pizza crust on a baking sheet. @Spread the pizza sauce evenly over the crust, leaving about an inch of space around the edge. @ Sprinkle the shredded mozzarella cheese on top of the sauce. @Add the sliced pepperoni, black olives, and red onions on top of the cheese. @Drizzle the olive oil over the toppings. @In a small bowl, mix together the Italian seasoning, garlic powder, and red pepper flakes (if using). @Sprinkle the seasoning mixture over the pizza. @Place the pizza in the oven and bake for 12-15 minutes, or until the crust is golden brown and the cheese is melted and bubbly. @Allow the pizza to cool for a few minutes before slicing and serving. Enjoy your homemade pizza",
2,Egg Toast,"2 slices of bread @ 2 eggs @2 tablespoons of olive oil @salt and pepper @Dried herbs (such as thyme, rosemary, or oregano)","Start by heating a skillet or pan over medium heat. Add 1 tablespoon of olive oil and let it heat up for a minute. @While the pan is heating up, crack open the eggs into a bowl and lightly beat them together. @Once the pan is hot, pour the beaten eggs into the pan and let it cook for 2-3 minutes, until the edges start to set. @Sprinkle a pinch of salt, pepper, and dried herbs on top of the eggs. Gently flip the eggs over and let it cook for an additional 1-2 minutes, until the desired level of doneness is reached. @While the eggs are cooking, toast the slices of bread in a toaster or on a separate pan until they are crisp and golden brown. @Once the eggs are cooked, remove them from the pan and set aside. @In the same pan, add another tablespoon of olive oil and let it heat up for a minute. @Place the toasted bread slices in the pan and let them cook for a minute on each side, until they are lightly toasted and coated in the olive oil. @Remove the bread from the pan and place it on a plate. Top each slice with the fried eggs. @Sprinkle some extra salt, pepper, and herbs on top of the eggs to taste. @Serve the olive oil and herb toast with fried egg immediately, while it is still warm and crispy. You can also add additional toppings such as avocado slices or cheese, if desired. Enjoy!",
3,Pasta,1 lb pasta (any shape) @1 lb sausage @2 tablespoons olive oil @1 teaspoon Italian seasoning @1 teaspoon garlic powder @1 teaspoon onion powder @salt and pepper to taste @Parmesan cheese (optional) @Fresh parsley or basil (optional),"Cook the pasta according to package instructions in a pot of salted boiling water. Once cooked, drain and set aside. @While the pasta is cooking, heat 2 tablespoons of olive oil in a large skillet over medium heat. @Remove the sausage from its casing and add it to the skillet. Break up the sausage into smaller pieces using a wooden spoon. @ Cook the sausage for 5-6 minutes, stirring occasionally, until it is browned and cooked through. @Add 1 teaspoon of Italian seasoning, 1 teaspoon of garlic powder, and 1 teaspoon of onion powder to the skillet. Stir to combine and let the spices cook for 1-2 minutes. @Add the cooked pasta to the skillet with the sausage and spices. Stir to combine and let it cook for an additional 2-3 minutes to allow the flavors to meld together. @If the pasta looks a little dry, you can add a splash of pasta water or more olive oil to loosen it up. @Season with salt and pepper to taste. @Serve the sausy pasta in bowls and top with grated Parmesan cheese if desired. You can also garnish with fresh parsley or basil for some extra freshness. @Enjoy your delicious and simple sausy pasta dish!",
4,Samosa,"1 pack of samosa wrappers (can be found at most Asian or Indian grocery stores) @1 medium potato @1/2 cup of peas, fresh or frozen @1/4 cup of diced carrots @1/4 cup of diced onion @2 cloves of garlic, minced @1 tsp cumin powder @1 tsp coriander powder @1/2 tsp turmeric powder @Salt and pepper to taste @Olive oil for frying","Start by boiling the potato in a pot of water until it is fully cooked. This should take about 15-20 minutes. Once done, drain and let it cool before peeling and dicing it into small cubes. @In a pan, heat 1 tablespoon of olive oil over medium heat. Add in the diced onion and minced garlic and cook until they become translucent. @Next, add in the diced carrots and peas and cook for another 2-3 minutes. @Add in the diced potatoes and all the spices (cumin, coriander, turmeric, salt and pepper). Mix well and let it cook for another 5 minutes. The filling should be well combined and fragrant. @ To assemble the samosas, take one samosa wrapper and place a tablespoon of the vegetable filling in the center. @Using water, wet the edges of the wrapper and fold it over to create a triangle. Press down on the edges to seal it. @In a deep frying pan, heat enough olive oil for frying over medium-high heat. Once the oil is hot, carefully place the samosas in the oil. Fry for about 2-3 minutes on each side or until they turn golden brown. @Once done, remove the samosas from the oil and place them on a paper towel to absorb any excess oil. @Serve the samosas hot with your favorite dipping sauce or chutney.  @Enjoy your homemade vegetarian samosas!",
5,Steak,"1 lb steak (sirloin, ribeye, or your preferred cut) @4 medium sized potatoes @4 cloves of garlic @2 tablespoons of olive oil @Salt and pepper to taste @Dried thyme (optional) @Dried rosemary (optional)","Preheat your oven to 400Â°F (200Â°C). @Wash and dry the potatoes. Cut them into bite-sized cubes. @In a mixing bowl, add the potato cubes, 1 tablespoon of olive oil, and a pinch of salt and pepper. Mix well until the potatoes are evenly coated. @Peel and mince the garlic cloves. Set aside. @ Heat a large skillet over medium-high heat. Add the remaining tablespoon of olive oil. @Season the steak generously with salt and pepper on both sides. If desired, you can also add a sprinkle of dried thyme and rosemary for extra flavor. @Once the oil is hot, add the steak to the skillet. Cook for 3-4 minutes on each side for medium-rare, or adjust the cooking time according to your preference. @While the steak is cooking, place the seasoned potatoes on a baking sheet in a single layer. @Roast the potatoes in the oven for 20-25 minutes, or until they are golden brown and crispy. Flip the potatoes halfway through the cooking time for even browning. @Once the steak is cooked to your liking, remove it from the skillet and let it rest on a cutting board for 5 minutes. @In the same skillet, add the minced garlic and cook for 1-2 minutes until fragrant. @Slice the rested steak against the grain into thin strips. @Serve the garlic steak with the roasted potatoes on the side. Drizzle the garlic and oil from the skillet over the steak for added flavor. Enjoy!",
6,French Fries,1 bag of frozen french fries @Olive oil @Salt @Black pepper @Garlic powder @Paprika @Dried parsley,"Preheat your oven to 450 degrees F (230 degrees C). @Spread the frozen french fries on a baking sheet in a single layer. @Drizzle olive oil over the french fries, making sure each one is evenly coated. @Sprinkle salt, black pepper, garlic powder, and paprika over the fries. @Using your hand, mix the fries and seasoning together, making sure each fry is covered in seasoning. @Place the baking sheet in the oven and bake for 20-25 minutes, flipping the fries halfway through. @ Once the fries are crispy and golden brown, remove them from the oven. @Transfer the fries to a serving dish and sprinkle dried parsley over the top. @Serve hot and enjoy your perfectly seasoned french fries!

9.",
7,Bagel,"1 bagel @2 tablespoons cream cheese
 @2 ounces smoked salmon @1 teaspoon olive oil @Salt and pepper, to taste @Dried dill, for garnish (optional)","Preheat your oven to 350Â°F (175Â°C). @Cut the bagel in half horizontally and place it on a baking sheet lined with parchment paper. @Drizzle olive oil on the cut side of the bagel and sprinkle with a pinch of salt and pepper. @Bake the bagel in the oven for 8-10 minutes, until lightly toasted. @While the bagel is toasting, prepare the cream cheese and smoked salmon. In a small bowl, mix together the cream cheese with a pinch of dried dill (if using) and a pinch of salt and pepper. @Once the bagel is toasted, remove it from the oven and let it cool for a few minutes. @Spread the cream cheese mixture evenly on both halves of the bagel. @Tear the smoked salmon into small pieces and place them on top of the cream cheese. @Sprinkle a pinch of dried dill on top of the smoked salmon (if using). @Place the bagel back in the oven and let it bake for an additional 5-7 minutes, until the cream cheese is slightly melted and the smoked salmon is heated through. @Remove from the oven and let it cool for a few minutes before serving. @Enjoy your delicious Smoked Salmon and Cream Cheese Bagel! You can also add some fresh herbs or sliced red onion for extra flavor.",
8,Cannoli,1 package of mini cannoli shells @1 cup of ricotta cheese @1/4 cup of powdered sugar @1/4 teaspoon of vanilla extract @ 1/4 teaspoon of cinnamon @1 tablespoon of olive oil @Salt and pepper to taste,"In a small mixing bowl, combine the ricotta cheese, powdered sugar, vanilla extract, and cinnamon. Mix well until the ingredients are fully incorporated. @Using a piping bag or a small spoon, fill the cannoli shells with the ricotta mixture. Set aside. @ In a pan, heat the olive oil over medium heat. Once hot, carefully place the cannoli shells in the pan and cook for about 1-2 minutes on each side, until they are lightly golden brown. @Remove the cannoli shells from the pan and let them cool on a paper towel-lined plate to absorb any excess oil. @Once cooled, sprinkle a pinch of salt and pepper on each cannoli shell. @Serve and enjoy your homemade cannoli! You can also serve them with a side of fresh fruit or a drizzle of honey for added flavor.",
9,Croissant,"1 package of croissants @2 cloves of garlic, minced @1 tablespoon olive oil @1 teaspoon dried oregano @1 teaspoon dried thyme @Salt and pepper, to taste","Preheat your oven to the temperature recommended on the croissant package. @In a small bowl, mix together the minced garlic, olive oil, oregano, thyme, and a pinch of salt and pepper.  @Unwrap the croissants and separate each triangle. @ Using a pastry brush or your fingers, spread the garlic and herb mixture onto one side of each croissant triangle. @Starting from the wide end, roll each croissant tightly towards the pointed end. @Place the rolled croissants onto a baking sheet lined with parchment paper. @Bake the croissants in the preheated oven for the time recommended on the package, or until they turn golden brown. @Once done, remove the croissants from the oven and let them cool for a few minutes. @Serve the garlic and herb croissants warm as a side dish or enjoy them as a tasty snack. @This recipe can be customized by adding other herbs or spices of your choice, such as rosemary or paprika. Enjoy your delicious homemade croissants with a burst of flavor from the garlic and herbs! ",
10,Donut,"2 cups all-purpose flour @1/4 cup granulated sugar @ tablespoon baking powder @1/4 teaspoon salt @1/4 teaspoon ground cinnamon @1/4 teaspoon ground nutmeg @1/4 cup unsalted butter, melted @3/4 cup milk @1 egg @1 teaspoon vanilla extract @Olive oil, for frying @Your choice of flavourings (see instructions for suggestions) @Additional granulated sugar, for coating ","In a large mixing bowl, combine the flour, sugar, baking powder, salt, cinnamon, and nutmeg. Mix until well combined. @In a separate bowl, mix together the melted butter, milk, egg, and vanilla extract. @Slowly pour the wet ingredients into the dry ingredients, stirring until a dough forms. @ Heat a large pot or deep fryer with enough olive oil to cover the donuts. Heat to 375Â°F (190Â°C). @While the oil is heating up, divide the dough into smaller portions and add in your choice of flavourings. Here are some ideas: @1 Chocolate Donuts: Mix in 1/4 cup of cocoa powder into the dough. @2 Berry Donuts: Fold in 1/2 cup of fresh or frozen berries into the dough. @3 Cinnamon Sugar Donuts: Mix in 1 teaspoon of ground cinnamon into the dough and coat the donuts in a mixture of granulated sugar and cinnamon after frying. @4 Lemon Glazed Donuts: Add in the zest of 1 lemon into the dough and make a lemon glaze by mixing 1 cup of powdered sugar with 2 tablespoons of lemon juice. @5 Maple Bacon Donuts: Mix in 1/4 cup of crumbled cooked bacon into the dough and top with a maple glaze made from 1 cup of powdered sugar and 2 tablespoons of maple syrup. @Once the oil has reached the desired temperature, carefully drop in the dough portions using a spoon or cookie scoop. Fry for 2-3 minutes per side or until golden brown. @Remove the donuts from the oil and place them on a baking sheet lined with paper towels to drain excess oil. @While the donuts are still warm, toss them in a bowl of granulated sugar to coat. @Serve and enjoy your delicious donuts with different flavours! These can be enjoyed plain or with a glaze of your choice. ",
11,Masala Dosa,"1 cup rice @/4 cup urad dal (split black lentils) @1 tablespoon olive oil @Salt to taste @/2 teaspoon cumin seeds @1/2 teaspoon mustard seeds @1/2 teaspoon turmeric powder @1/2 teaspoon red chili powder @1/2 teaspoon coriander powder @1/4 teaspoon asafoetida (hing) @1 onion, chopped @1 potato, boiled and mashed @2 tablespoons coriander leaves, chopped @Water for soaking and grinding @Oil for cooking","In a bowl, combine the rice and urad dal and wash them with water until the water runs clear. Soak them in enough water for at least 4 hours or overnight. @Drain the soaked rice and dal and transfer them to a blender. Add some water and grind them into a smooth batter. The consistency of the batter should be similar to that of pancake batter. Add more water if needed. @Add salt to taste and mix well. Let the batter ferment for 8-10 hours or overnight. The fermentation process is important for getting the perfect texture and taste of the dosa. @In a pan, heat 1 tablespoon of olive oil over medium heat. Add cumin seeds, mustard seeds, and asafoetida. Let them splutter for a few seconds. @Add chopped onion and cook until it turns translucent. Then, add turmeric powder, red chili powder, and coriander powder. Mix well and cook for a minute. @Add the boiled and mashed potato to the pan and mix it well with the spices. Cook for 2-3 minutes, then turn off the heat. Add chopped coriander leaves and mix well. The filling for the dosa is ready. @Heat a non-stick pan over medium heat. Once hot, pour a ladleful of the dosa batter onto the pan and spread it out in a circular motion to form a thin crepe. @Drizzle some oil around the edges of the dosa and let it cook for 2-3 minutes until the bottom turns golden brown. @Add a spoonful of the prepared potato filling on one side of the dosa. Using a spatula, fold the other side of the dosa over the filling to form a half-moon shape. @Let the dosa cook for another minute and then flip it over to cook the other side for 1-2 minutes until it turns golden brown. @Repeat the process with the remaining batter and filling to make more dosas. @Serve the hot and crispy Masala Dosas with coconut chutney or sambar. Enjoy!",
12,Butter Chicken,"2 onions, finely chopped @2 cloves of garlic, minced @1 inch ginger, grated @1 cup tomato puree @1/2 cup plain yogurt @1 tbsp olive oil @1 tsp garam masala @1 tsp ground coriander @1 tsp ground cumin @1 tsp turmeric @Salt, to taste @1/4 cup butter","In a large pan, heat the olive oil over medium heat. Add the chicken pieces and cook until browned on all sides, about 5-7 minutes. Remove from pan and set aside.@ In the same pan, melt the butter over medium heat. Add the onion, garlic, and ginger and cook until softened, about 3-4 minutes.@ Add the cumin, coriander, garam masala, salt, and pepper to the pan and stir to combine with the onion mixture. Cook for an additional 2 minutes.@Pour in the tomato puree and stir to combine with the spices. Cook for 5 minutes, stirring occasionally.@Add the chicken back to the pan and stir to coat it with the tomato sauce. Cook for an additional 5 minutes.@ Pour in the heavy cream and stir to combine. Bring the mixture to a simmer and let it cook for about 10 minutes, stirring occasionally.@ Taste the sauce and adjust the seasoning if needed. If the sauce is too thick, you can add a little water to thin it out. @ Serve the butter chicken over cooked rice or with naan bread on the side. Garnish with chopped cilantro before serving. Enjoy your delicious butter chicken!",
13,Kerala Parotta,1/2 tsp salt @1 tbsp sugar @1/2 cup warm water @2 tbsp olive oil @1 tsp cumin powder @1 tsp coriander powder @1 tsp red chili powder @1 tsp garam masala @1 tsp turmeric powder @Salt to taste @Olive oil for cooking,"In a large mixing bowl, combine the all-purpose flour, salt, and 1/4 cup of olive oil.@ Gradually add in the water, mixing until a soft and smooth dough forms.@ Knead the dough for a few minutes until it becomes elastic.@ Cover the dough with a damp cloth and let it rest for 30 minutes.@In a small bowl, mix together the cumin powder, coriander powder, turmeric powder, red chili powder, and garam masala to make a spice mix.@ Divide the dough into 4 equal parts and roll each part into a thin circle.@Spread a thin layer of olive oil on top of each circle and sprinkle the spice mix evenly over the oiled surface.@ Roll up each circle into a cylinder and then coil it into a round ball.@Roll out the balls into thin, flat circles.@ Heat a non-stick pan over medium heat and add 1 tbsp of olive oil.@ Carefully place the rolled out Parota in the pan and cook for 2-3 minutes on each side, until golden brown and crispy.@ Repeat with the remaining dough balls.@Serve hot with your choice of curry or chutney. Enjoy your homemade Keralan Parota!",
14,Dhokla,"1/2 cup yogurt @1/2 cup water @1 tsp ginger paste @1 tsp green chili paste @1 tsp sugar @1 tsp lemon juice @ tsp baking soda @1 tbsp olive oil @Salt to taste @Seasoning of choice (such as cumin seeds, mustard seeds, curry leaves) @Dried spices (such as turmeric, red chili powder)","In a mixing bowl, combine the dokla flour, yogurt, water, ginger paste, green chili paste, sugar, lemon juice, and salt. Mix well until a smooth batter is formed.",
15,Noodles,"8 ounces of noodles @2 tablespoons olive oil @3 cloves of garlic, minced @1 teaspoon red pepper flakes @1 teaspoon dried parsley @Salt and pepper, to taste","Cook the noodles according to package instructions until they are al dente. Drain and set aside. @In a pan, heat the olive oil over medium heat. Add the minced @Add the red pepper flakes and dried parsley to the pan and stir to combine. garlic and cook for 1-2 minutes until fragrant. @dd the cooked noodles to the pan and toss to coat them with the garlic and spices. If the noodles seem dry, you can add a splash of water or more olive oil. @Season with salt and pepper to taste. You can also add more red pepper flakes if you want the noodles to be spicier. @Cook for an additional 2-3 minutes, stirring occasionally, until the noodles are heated through and well coated in the garlic and spices. @Serve the spicy garlic noodles hot, garnished with additional parsley if desired. Enjoy as a side dish or add protein and veggies to make it a complete meal.",
16,Pongal,"½ cup yellow split moong dal @4 cups water @1 tsp cumin seeds @1 tsp mustard seeds @1 tsp urad dal @1 tsp chana dal @1 inch ginger, grated @2 cloves garlic, minced @1 onion, finely chopped @1 carrot, chopped @1 cup green beans, chopped @1 cup spinach, chopped @¼ tsp turmeric powder @½ tsp red chili powder @Salt to taste @2 tbsp olive oil @1 tsp ghee ","Heat olive oil in a pressure cooker or a large pot.@ Add cumin seeds and mustard seeds and let them splutter.@ Add chopped ginger and green chili and sauté for a minute.@ Add chopped cashews and raisins and sauté until cashews turn lightly golden.@ Add the raw rice and split yellow moong dal to the pot and mix well.@ Pour in 3 cups of water and add salt to taste.@ Add turmeric powder and black pepper powder and mix well.@ Close the lid of the pressure cooker and cook for 3-4 whistles (if using a pot, cook until the rice and dal are fully cooked and soft).@Once the pressure is released, open the lid and give the pongal a good mix.@ If the pongal is too thick, add some water and mix well. Adjust salt and seasoning as needed.@ Garnish with curry leaves and serve hot.@Enjoy your delicious and simple Pongal! You can also serve it with coconut chutney or sambar for a complete meal.",
17,Naan,,,
18,Idli,1 tbsp olive oil @Salt to taste @1 tsp cumin powder @1 tsp coriander powder @1 tsp red chili powder @Water for steaming,"In a large bowl, mix together the idli batter, olive oil, salt, cumin powder, coriander powder, and red chili powder. Let the mixture sit for 5 minutes to allow the flavors to blend. @Meanwhile, grease the idli plates with a little bit of olive oil. @Fill a steamer or pressure cooker with water and bring it to a boil. @Pour the idli batter into the greased idli plates, filling them up to 3/4th of their capacity. @ Place the idli plates in the steamer or pressure cooker and steam for 10-12 minutes, or until a toothpick inserted in the center comes out clean. @Once the idlis are cooked, let them cool for a few minutes before removing them from the plates. @Serve hot with a side of chutney or sambar for a delicious and filling meal. Enjoy your homemade idlis!",
19,Poori,"1 tsp salt @1 tsp turmeric powder @1 tsp cumin powder @1 tsp coriander powder @1 tsp red chili powder @1/4 cup olive oil @Water, as needed @Oil, for frying","In a mixing bowl, add 2 cups of all-purpose flour, 1 teaspoon of salt, and 1 teaspoon of sugar. Mix well.@ Add 1 tablespoon of olive oil and mix it into the flour mixture with your fingers until it resembles coarse breadcrumbs.@ Slowly add ½ cup of warm water to the flour mixture and mix it in using your hands. Keep adding water until the dough comes together and is smooth and elastic.@ Knead the dough for about 5 minutes on a lightly floured surface, until it is soft and pliable.@ Cover the dough with a damp cloth and let it rest for 10-15 minutes.@ In a deep frying pan, heat oil over medium-high heat.@ Divide the dough into small lemon-sized balls.@ Roll each ball into a small circle, about 2-3 inches in diameter.@ Once the oil is hot, gently slide the rolled poori into the oil. It should puff up immediately.@Use a slotted spoon to gently press down on the poori while it cooks to help it puff up evenly.@Fry the poori for about 30 seconds on each side, until it is golden brown and puffed up.@Remove the poori from the oil and place it on a paper towel to absorb any excess oil.@Repeat the process with the remaining dough balls.@Serve the hot pooris with your favorite side dish or chutney. Enjoy!",
20,Sev Puri,Sev Poori (1 packet)@Olive oil (1 tablespoon)@Salt (1 teaspoon)@Red chili powder (1/2 teaspoon)@Chaat masala (1/2 teaspoon)@Cumin powder (1/2 teaspoon)@Coriander powder (1/2 teaspoon)@Tamarind chutney (1/4 cup)@Green chutney (1/4 cup)@Chopped onions (1/4 cup)@Chopped tomatoes (1/4 cup)@Chopped coriander leaves (1/4 cup)@ Lemon juice (1 tablespoon),"In a small bowl, mix together olive oil, salt, red chili powder, chaat masala, cumin powder, and coriander powder to create a seasoning mixture. Set aside.@ In a pan, heat the sev poori on medium heat for 1-2 minutes until they become slightly crisp. Remove from heat and set aside.@ In a separate bowl, mix together tamarind chutney and green chutney to create a tangy sauce.@ In a serving plate, place the sev poori in a single layer. Drizzle the tamarind and green chutney mixture over the sev poori.@ Sprinkle the seasoning mixture over the top of the sev poori.@ Top with chopped onions, tomatoes, and coriander leaves.@ Squeeze some lemon juice over the sev poori for an extra burst of flavor.@ Serve immediately and enjoy your homemade sev poori!",
21,Chocolate Cake,"1 cup all-purpose flour@ 1 cup sugar@1/3 cup cocoa powder@1/2 teaspoon baking soda@1/2 teaspoon salt@1/3 cup olive oil@1 egg@ 1 teaspoon vanilla extract@1/2 cup water@Olive oil spray (for greasing)@Optional: powdered sugar, chocolate chips, chopped nuts (for topping)","Preheat your oven to 350°F (180°C) and spray a 9-inch round cake pan with olive oil spray.@ In a large mixing bowl, combine the all-purpose flour, sugar, cocoa powder, baking soda, and salt. Mix well.@ Add in the olive oil, egg, and vanilla extract to the dry ingredients. Mix until well combined.@ Slowly pour in the water while mixing until the batter is smooth and free of lumps.@Pour the batter into the greased cake pan and spread it evenly.@Bake the cake for 25-30 minutes, or until a toothpick inserted into the center comes out clean.@Let the cake cool in the pan for 10 minutes, then transfer it to a wire rack to cool completely. @ If desired, dust the top of the cake with powdered sugar or top with chocolate chips or chopped nuts.@Slice and serve the chocolate cake as is, or with a scoop of ice cream on top for an extra treat. Enjoy!",
22,Cookies,"10 assorted flavored cookies (such as chocolate chip, sugar, oatmeal raisin, etc.)@2 tablespoons olive oil@1 teaspoon seasoning of choice (garlic powder, Italian seasoning, etc.)@1 teaspoon dried spice of choice (cinnamon, nutmeg, etc.)","Preheat your oven to 350°F (180°C).@Take 10 assorted flavored cookies and place them in a food processor or blender. Pulse until they are finely ground and have a breadcrumb-like consistency.@In a mixing bowl, combine the cookie crumbs with 2 tablespoons of olive oil. Mix well until all of the crumbs are coated in olive oil.@Add 1 teaspoon of your preferred seasoning and 1 teaspoon of a dried spice of your choice to the cookie crumb mixture. Mix well to evenly distribute the flavors.@Spread the seasoned cookie crumbs onto a baking sheet lined with parchment paper. Use a spatula to press down on the crumbs, creating a thin and even layer@Bake the seasoned cookie crumbs in the preheated oven for 10-12 minutes or until they are golden brown and crispy.@Once the cookie crumbs are done baking, remove them from the oven and let them cool for a few minutes.@Use the seasoned cookie crumbs as a topping for ice cream, yogurt, fruit, or any other dessert of your choice. They can also be used as a crunchy coating for chicken, fish, or vegetables.@Enjoy your delicious and versatile flavored cookie crumbs! They can be stored in an airtight container for up to a week.",
23,Faloda,2 cups flaloda flour@1/4 cup olive oil@1/2 tsp salt@1/2 tsp garlic powder@1/2 tsp onion powder@Water,"In a mixing bowl, combine the flaloda flour, salt, garlic powder, and onion powder. Mix well to evenly distribute the spices.@Slowly add in the olive oil while mixing with a fork or your hands. The mixture should resemble coarse crumbs.@Gradually add in small amounts of water while mixing until a soft dough forms. You may not need to use all of the water, so add it in slowly.@Knead the dough on a floured surface for a few minutes until smooth and elastic.@ Divide the dough into small balls, about the size of a golf ball.@ Heat a non-stick pan over medium-high heat. Roll out each ball of dough into a thin, round tortilla.@ Place the tortilla on the hot pan and cook for about 30 seconds on each side, or until golden brown spots appear.@Repeat with the remaining dough balls, stacking the tortillas on top of each other as they cook to keep them warm.@ Serve the flaloda flour tortillas warm with your favorite fillings, such as grilled chicken, veggies, and salsa. Enjoy!",
24,Gulab Jamun,"1 cup gulab jamun mix (store-bought or homemade)@1/4 cup water@1 tablespoon olive oil@Vegetable oil, for deep frying@1/2 cup sugar@1/2 cup water@1/4 teaspoon cardamom powder@A pinch of saffron@Chopped pistachios for garnish (optional)",,
25,Potato Cheese Ball,4 large potatoes@1 cup shredded cheese (any kind)@1/2 cup bread crumbs@1 tsp garlic powder@1 tsp onion powder@1 tsp Italian seasoning@Salt and pepper@Olive oil for frying,"In a mixing bowl, combine the gulab jamun mix and 1/4 cup water. Mix well until it forms a smooth dough. If the dough is too dry, add a little more water. Cover the bowl and let the dough rest for 10 minutes.@ Meanwhile, heat enough vegetable oil in a deep pot over medium-high heat for deep frying. While the oil is heating, make the sugar syrup by combining 1/2 cup sugar, 1/2 cup water, cardamom powder, and saffron in a small saucepan. Bring it to a boil and then reduce the heat to low. Let it simmer for 5 minutes, until it thickens slightly. Turn off the heat and keep the syrup warm.@ After 10 minutes, take the gulab jamun dough and divide it into small balls, about the size of a ping pong ball. Make sure to roll them smooth and without cracks@ When the oil is heated, carefully drop the gulab jamun balls into the oil, one at a time. Do not overcrowd the pot. Fry them for 5-6 minutes, until they are golden brown on the outside. Remove them from the oil and place them on a paper towel-lined plate to absorb excess oil.@Once the gulab jamun are fried, transfer them to the warm sugar syrup. Let them soak for at least 30 minutes.@Serve the gulab jamun warm, drizzled with the sugar syrup and garnished with chopped pistachios (if using).@ Enjoy the delicious and indulgent dessert!",
26,Potato Twister,1 bag of potato twisters@Olive oil@ Salt@ Garlic powder@ Paprika,"Preheat your oven to 375°F (190°C).@In a large mixing bowl, drizzle the potato twisters with about 1-2 tablespoons of olive oil. Toss them until they are evenly coated.@In a small bowl, mix together 1 teaspoon of salt, 1 teaspoon of garlic powder, and 1 teaspoon of paprika.@Sprinkle the seasoning mixture over the potato twisters and toss until they are evenly coated.@Place the seasoned potato twisters onto a baking sheet lined with parchment paper.@Bake in the preheated oven for 30-35 minutes, or until they are crispy and golden brown.@Serve hot as a delicious side dish or snack.@Enjoy your homemade potato twisters, flavored with a tasty blend of spices and olive oil. You can also experiment with different seasonings and spices, such as cayenne pepper, onion powder, or Italian seasoning, to add your own personal touch to this recipe. Bon appétit!
",
27,Chicken Nuggets,"1 package of chicken nuggets@ 2 tablespoons olive oil@1 teaspoon garlic powder@1 teaspoon Italian seasoning@Salt and pepper, to taste@1/4 cup grated parmesan cheese","Preheat your oven to 400 degrees Fahrenheit.@ In a small bowl, mix together the olive oil, garlic powder, Italian seasoning, salt, and pepper.@ Place the chicken nuggets on a baking sheet lined with parchment paper.@ Using a pastry brush, brush the seasoned olive oil mixture onto the chicken nuggets, making sure to coat each one evenly.@ Sprinkle the grated parmesan cheese on top of the chicken nuggets.@ Bake in the preheated oven for about 15 minutes, or until the chicken nuggets are fully cooked and golden brown.@ Serve hot and enjoy your delicious garlic parmesan chicken nuggets! You can also serve them with your favorite dipping sauce for extra flavor.",
28,,,,
29,,,,
30,,,,
